created_date,updated_date,years
2020-07-30,2021-02-18,2020
2019-07-22,2021-02-18,2019
2018-07-16,2021-02-18,2018
2017-07-20,2021-02-18,2017
2016-08-01,2021-02-18,2016
2015-09-04,2021-02-18,2015
2015-06-01,2021-02-18,2014
2015-06-11,2021-02-18,2013
2015-06-11,2021-02-18,2012
2015-06-11,2021-02-18,2011
2015-06-11,2021-02-18,2010
2015-06-11,2021-02-18,2009
2015-06-11,2021-02-18,2008
2015-06-11,2021-02-18,2007
2015-06-11,2021-02-18,2006
2015-06-11,2021-02-18,2005
2015-06-11,2021-02-18,2004
2015-06-11,2021-02-18,2003
2015-06-11,2021-02-18,2002
2015-06-11,2021-02-18,2001
2015-06-11,2021-02-18,2000
2015-06-11,2021-02-18,1999
2015-06-11,2021-02-18,1998
2015-06-11,2021-02-18,1997
2015-06-11,2021-02-18,1996
2015-06-11,2021-02-18,1995
2015-06-11,2021-02-18,1994
2015-06-11,2021-02-18,1993
2015-06-11,2021-02-18,1992
2016-10-05,2021-02-18,1991
